id;username;token;subject;content;image;status;created_by;created_at
1;Rustic Throughway;1080p;systematic Switzerland Granite;copying viral Executive;reboot payment;SENT;admin;2024-01-15T18:52:47
2;Yen web-readiness;invoice Practical Specialist;Table compressing Gloves;withdrawal generation Fresh;Investment Terrace;FAILED;admin;2024-01-15T18:52:47
3;deposit Berkshire;client-server multi-byte Specialist;generate auxiliary Sports;Games;Table wireless mobile;SENT;admin;2024-01-15T18:52:47
4;Table Myanmar architectures;Licensed infrastructures Litas;Account Borders Barbados;Forward circuit Home;program Mexican;IN_QUEUE;admin;2024-01-12T18:52:47
5;Awesome;ivory GB Avon;payment;applications multi-byte;partnerships;SENT;admin;2024-01-12T18:52:47
6;Clothing;Executive models Direct;sticky Configurable;payment;Franc real-time;SENT;admin;2024-01-11T18:52:47
7;Industrial Buckinghamshire Account;Markets;white Ports Ergonomic;Buckinghamshire withdrawal;driver connecting;IN_QUEUE;admin;2024-01-11T18:52:47
8;holistic Cambridgeshire;Agent Mobility;Handcrafted District;wireless Legacy THX;bandwidth Germany lime;SENT;admin;2024-01-11T18:52:47
9;Berkshire;Throughway;Architect pixel;Cotton Movies Belize;Lights Ergonomic Profit-focused;FAILED;admin;2024-01-11T18:52:47
10;deposit Dalasi;sticky grey;withdrawal;Mountain dynamic Louisiana;AI Program orange;FAILED;admin;2024-01-10T18:52:47
